TIPO;FECHA;HORA;LATITUD;LONGITUD;DESCRIPCION
3;2024-12-05;01:45;1.61857;-75.60215;Prueba de stress 0 generada automaticamente
2;2024-05-05;04:22;1.61849;-75.59887;Prueba de stress 1 generada automaticamente
2;2024-06-14;10:39;1.60346;-75.59149;Prueba de stress 2 generada automaticamente
3;2024-10-17;20:02;1.59944;-75.58637;Prueba de stress 3 generada automaticamente
3;2024-09-20;09:56;1.60305;-75.59401;Prueba de stress 4 generada automaticamente
4;2024-01-28;13:39;1.59891;-75.59411;Prueba de stress 5 generada automaticamente
3;2024-01-26;19:59;1.61952;-75.61826;Prueba de stress 6 generada automaticamente
1;2024-01-13;13:07;1.59510;-75.61865;Prueba de stress 7 generada automaticamente
3;2024-10-22;16:45;1.60242;-75.60288;Prueba de stress 8 generada automaticamente
3;2024-03-07;21:39;1.63154;-75.61577;Prueba de stress 9 generada automaticamente
2;2024-10-24;12:01;1.62076;-75.61489;Prueba de stress 10 generada automaticamente
4;2024-11-06;12:15;1.61552;-75.59458;Prueba de stress 11 generada automaticamente
1;2024-04-24;02:40;1.60827;-75.60743;Prueba de stress 12 generada automaticamente
1;2024-10-14;23:10;1.62066;-75.59346;Prueba de stress 13 generada automaticamente
3;2024-07-13;22:15;1.62570;-75.61802;Prueba de stress 14 generada automaticamente
1;2024-11-12;12:28;1.59703;-75.58697;Prueba de stress 15 generada automaticamente
1;2024-10-24;03:56;1.60028;-75.59634;Prueba de stress 16 generada automaticamente
2;2024-06-06;04:49;1.62094;-75.59466;Prueba de stress 17 generada automaticamente
2;2024-11-08;17:49;1.60558;-75.58678;Prueba de stress 18 generada automaticamente
3;2024-06-07;16:49;1.60246;-75.62226;Prueba de stress 19 generada automaticamente
1;2024-11-16;21:11;1.62306;-75.58921;Prueba de stress 20 generada automaticamente
4;2024-09-27;14:32;1.62155;-75.61106;Prueba de stress 21 generada automaticamente
3;2024-04-05;01:55;1.62023;-75.58973;Prueba de stress 22 generada automaticamente
4;2024-11-10;23:22;1.62981;-75.59692;Prueba de stress 23 generada automaticamente
2;2024-04-19;10:13;1.63007;-75.61916;Prueba de stress 24 generada automaticamente
4;2024-10-20;00:38;1.60939;-75.58804;Prueba de stress 25 generada automaticamente
1;2024-02-13;14:57;1.63314;-75.59952;Prueba de stress 26 generada automaticamente
4;2024-08-12;00:40;1.62383;-75.58734;Prueba de stress 27 generada automaticamente
3;2024-11-22;00:01;1.61347;-75.60762;Prueba de stress 28 generada automaticamente
1;2024-03-23;20:25;1.63199;-75.60174;Prueba de stress 29 generada automaticamente
3;2024-07-23;12:49;1.60403;-75.61272;Prueba de stress 30 generada automaticamente
1;2024-08-01;18:01;1.61974;-75.61611;Prueba de stress 31 generada automaticamente
2;2024-09-12;02:33;1.59499;-75.61757;Prueba de stress 32 generada automaticamente
2;2024-06-05;20:28;1.61858;-75.61015;Prueba de stress 33 generada automaticamente
3;2024-10-01;00:59;1.61612;-75.59044;Prueba de stress 34 generada automaticamente
1;2024-11-25;11:13;1.61316;-75.61574;Prueba de stress 35 generada automaticamente
2;2024-11-15;22:56;1.59515;-75.59319;Prueba de stress 36 generada automaticamente
4;2024-04-03;08:08;1.59657;-75.59321;Prueba de stress 37 generada automaticamente
4;2024-11-24;20:25;1.61055;-75.59332;Prueba de stress 38 generada automaticamente
4;2024-06-06;15:00;1.62681;-75.60658;Prueba de stress 39 generada automaticamente
2;2024-06-21;09:37;1.62211;-75.60539;Prueba de stress 40 generada automaticamente
1;2024-04-23;20:48;1.60262;-75.61640;Prueba de stress 41 generada automaticamente
3;2024-03-02;10:17;1.59894;-75.62061;Prueba de stress 42 generada automaticamente
1;2024-05-13;14:58;1.62763;-75.60658;Prueba de stress 43 generada automaticamente
2;2024-07-18;10:42;1.61901;-75.61222;Prueba de stress 44 generada automaticamente
2;2024-05-27;05:05;1.60416;-75.59764;Prueba de stress 45 generada automaticamente
3;2024-11-01;12:16;1.60076;-75.59054;Prueba de stress 46 generada automaticamente
2;2024-10-23;08:55;1.59716;-75.61319;Prueba de stress 47 generada automaticamente
3;2024-07-09;04:55;1.59615;-75.61265;Prueba de stress 48 generada automaticamente
3;2024-02-24;23:10;1.62064;-75.62177;Prueba de stress 49 generada automaticamente
4;2024-12-03;06:24;1.63090;-75.62027;Prueba de stress 50 generada automaticamente
4;2024-02-02;17:11;1.63410;-75.61536;Prueba de stress 51 generada automaticamente
2;2024-11-07;20:52;1.62349;-75.60442;Prueba de stress 52 generada automaticamente
1;2024-12-13;23:03;1.62664;-75.61925;Prueba de stress 53 generada automaticamente
3;2024-01-23;16:56;1.59910;-75.60320;Prueba de stress 54 generada automaticamente
2;2024-01-02;15:37;1.60986;-75.59604;Prueba de stress 55 generada automaticamente
2;2024-02-27;02:13;1.63424;-75.61687;Prueba de stress 56 generada automaticamente
4;2024-12-02;01:37;1.60335;-75.58718;Prueba de stress 57 generada automaticamente
1;2024-08-15;15:39;1.60919;-75.61476;Prueba de stress 58 generada automaticamente
3;2024-10-15;02:25;1.60092;-75.61702;Prueba de stress 59 generada automaticamente
4;2024-06-13;21:28;1.59443;-75.61783;Prueba de stress 60 generada automaticamente
1;2024-08-28;16:42;1.63163;-75.61261;Prueba de stress 61 generada automaticamente
4;2024-11-12;20:04;1.59658;-75.58960;Prueba de stress 62 generada automaticamente
1;2024-11-21;12:27;1.60867;-75.62563;Prueba de stress 63 generada automaticamente
3;2024-09-28;04:57;1.61409;-75.58806;Prueba de stress 64 generada automaticamente
2;2024-04-03;18:31;1.62703;-75.61303;Prueba de stress 65 generada automaticamente
2;2024-06-23;01:37;1.62751;-75.62217;Prueba de stress 66 generada automaticamente
4;2024-01-16;05:17;1.62126;-75.61140;Prueba de stress 67 generada automaticamente
4;2024-11-26;14:58;1.63315;-75.59318;Prueba de stress 68 generada automaticamente
2;2024-11-20;18:06;1.60990;-75.62317;Prueba de stress 69 generada automaticamente
3;2024-03-09;04:18;1.59690;-75.59260;Prueba de stress 70 generada automaticamente
4;2024-02-14;05:07;1.60705;-75.59120;Prueba de stress 71 generada automaticamente
2;2024-11-15;08:27;1.61564;-75.59265;Prueba de stress 72 generada automaticamente
2;2024-07-06;02:06;1.59485;-75.59435;Prueba de stress 73 generada automaticamente
4;2024-05-07;19:23;1.61141;-75.60963;Prueba de stress 74 generada automaticamente
2;2024-08-16;11:09;1.60314;-75.59591;Prueba de stress 75 generada automaticamente
3;2024-03-28;12:54;1.60543;-75.59293;Prueba de stress 76 generada automaticamente
1;2024-01-25;18:01;1.60133;-75.61103;Prueba de stress 77 generada automaticamente
1;2024-03-16;02:47;1.60488;-75.61311;Prueba de stress 78 generada automaticamente
2;2024-11-02;19:17;1.61730;-75.59995;Prueba de stress 79 generada automaticamente
3;2024-02-28;01:11;1.61616;-75.59740;Prueba de stress 80 generada automaticamente
2;2024-02-28;21:48;1.63049;-75.59954;Prueba de stress 81 generada automaticamente
3;2024-04-19;03:37;1.60609;-75.60183;Prueba de stress 82 generada automaticamente
1;2024-11-07;08:15;1.59667;-75.58809;Prueba de stress 83 generada automaticamente
2;2024-04-20;07:20;1.61939;-75.60034;Prueba de stress 84 generada automaticamente
3;2024-08-15;02:53;1.60272;-75.61680;Prueba de stress 85 generada automaticamente
4;2024-12-22;07:59;1.61343;-75.58634;Prueba de stress 86 generada automaticamente
2;2024-10-10;07:27;1.61618;-75.60006;Prueba de stress 87 generada automaticamente
2;2024-09-16;10:14;1.62900;-75.62531;Prueba de stress 88 generada automaticamente
4;2024-04-23;11:37;1.62563;-75.62111;Prueba de stress 89 generada automaticamente
4;2024-04-25;12:34;1.61599;-75.59268;Prueba de stress 90 generada automaticamente
4;2024-07-15;01:59;1.62970;-75.61236;Prueba de stress 91 generada automaticamente
4;2024-03-07;03:27;1.63231;-75.61508;Prueba de stress 92 generada automaticamente
2;2024-01-12;01:35;1.61725;-75.60737;Prueba de stress 93 generada automaticamente
1;2024-04-24;20:10;1.61318;-75.61200;Prueba de stress 94 generada automaticamente
4;2024-04-23;23:27;1.62388;-75.59146;Prueba de stress 95 generada automaticamente
2;2024-09-04;09:48;1.62925;-75.60760;Prueba de stress 96 generada automaticamente
3;2024-12-23;17:40;1.63314;-75.59620;Prueba de stress 97 generada automaticamente
3;2024-09-14;17:40;1.62016;-75.61452;Prueba de stress 98 generada automaticamente
1;2024-05-11;00:42;1.59969;-75.62497;Prueba de stress 99 generada automaticamente
2;2024-12-21;19:43;1.59461;-75.59468;Prueba de stress 100 generada automaticamente
1;2024-11-24;04:41;1.62245;-75.62140;Prueba de stress 101 generada automaticamente
3;2024-04-10;08:28;1.61974;-75.58860;Prueba de stress 102 generada automaticamente
2;2024-12-24;08:22;1.61668;-75.62144;Prueba de stress 103 generada automaticamente
2;2024-01-03;18:11;1.61296;-75.61518;Prueba de stress 104 generada automaticamente
2;2024-07-02;15:09;1.60331;-75.62389;Prueba de stress 105 generada automaticamente
3;2024-06-17;00:15;1.63077;-75.60676;Prueba de stress 106 generada automaticamente
4;2024-05-18;10:10;1.59657;-75.60441;Prueba de stress 107 generada automaticamente
3;2024-01-18;19:53;1.62811;-75.60507;Prueba de stress 108 generada automaticamente
4;2024-03-07;19:53;1.60873;-75.59455;Prueba de stress 109 generada automaticamente
1;2024-05-14;17:34;1.61734;-75.61359;Prueba de stress 110 generada automaticamente
4;2024-09-28;22:18;1.63156;-75.61603;Prueba de stress 111 generada automaticamente
1;2024-09-24;12:51;1.61858;-75.61890;Prueba de stress 112 generada automaticamente
3;2024-08-22;23:53;1.61183;-75.59206;Prueba de stress 113 generada automaticamente
3;2024-03-23;22:12;1.60450;-75.62437;Prueba de stress 114 generada automaticamente
2;2024-07-03;12:36;1.61930;-75.59162;Prueba de stress 115 generada automaticamente
2;2024-03-02;19:01;1.59525;-75.62323;Prueba de stress 116 generada automaticamente
3;2024-03-04;22:43;1.62410;-75.58641;Prueba de stress 117 generada automaticamente
1;2024-07-24;13:19;1.61220;-75.60072;Prueba de stress 118 generada automaticamente
3;2024-06-09;02:29;1.61412;-75.59291;Prueba de stress 119 generada automaticamente
2;2024-10-25;19:29;1.60888;-75.61545;Prueba de stress 120 generada automaticamente
4;2024-07-14;10:37;1.63048;-75.61449;Prueba de stress 121 generada automaticamente
3;2024-02-27;16:37;1.61578;-75.60044;Prueba de stress 122 generada automaticamente
2;2024-05-22;20:29;1.63207;-75.59956;Prueba de stress 123 generada automaticamente
4;2024-06-25;04:45;1.59781;-75.60625;Prueba de stress 124 generada automaticamente
2;2024-05-14;21:24;1.59845;-75.60441;Prueba de stress 125 generada automaticamente
1;2024-10-28;10:45;1.62820;-75.60603;Prueba de stress 126 generada automaticamente
2;2024-10-25;06:11;1.61654;-75.58889;Prueba de stress 127 generada automaticamente
3;2024-07-25;15:20;1.63290;-75.61186;Prueba de stress 128 generada automaticamente
1;2024-02-16;07:22;1.60406;-75.60667;Prueba de stress 129 generada automaticamente
3;2024-06-09;14:11;1.62712;-75.62425;Prueba de stress 130 generada automaticamente
1;2024-09-12;01:50;1.60122;-75.62381;Prueba de stress 131 generada automaticamente
2;2024-09-23;20:35;1.61082;-75.60863;Prueba de stress 132 generada automaticamente
4;2024-08-12;04:23;1.60124;-75.61065;Prueba de stress 133 generada automaticamente
4;2024-12-20;08:09;1.62605;-75.61269;Prueba de stress 134 generada automaticamente
4;2024-04-24;19:43;1.61721;-75.60819;Prueba de stress 135 generada automaticamente
1;2024-04-27;04:10;1.62601;-75.58641;Prueba de stress 136 generada automaticamente
1;2024-01-08;00:53;1.60744;-75.59849;Prueba de stress 137 generada automaticamente
4;2024-08-20;10:34;1.60605;-75.61053;Prueba de stress 138 generada automaticamente
2;2024-07-21;18:52;1.62372;-75.60215;Prueba de stress 139 generada automaticamente
2;2024-07-04;18:01;1.59607;-75.61469;Prueba de stress 140 generada automaticamente
2;2024-03-21;22:14;1.60604;-75.60517;Prueba de stress 141 generada automaticamente
1;2024-01-27;17:09;1.61025;-75.60079;Prueba de stress 142 generada automaticamente
4;2024-04-18;03:00;1.63044;-75.61629;Prueba de stress 143 generada automaticamente
3;2024-04-12;20:32;1.62579;-75.60025;Prueba de stress 144 generada automaticamente
3;2024-11-27;07:29;1.61629;-75.58623;Prueba de stress 145 generada automaticamente
1;2024-09-07;10:20;1.60124;-75.58939;Prueba de stress 146 generada automaticamente
2;2024-04-13;11:29;1.62509;-75.59553;Prueba de stress 147 generada automaticamente
1;2024-04-23;21:16;1.60368;-75.62293;Prueba de stress 148 generada automaticamente
4;2024-04-07;14:45;1.62163;-75.61532;Prueba de stress 149 generada automaticamente
1;2024-01-01;07:48;1.61236;-75.60016;Prueba de stress 150 generada automaticamente
1;2024-07-03;02:26;1.60177;-75.61852;Prueba de stress 151 generada automaticamente
3;2024-10-23;21:27;1.61877;-75.58800;Prueba de stress 152 generada automaticamente
1;2024-05-09;22:07;1.62117;-75.60884;Prueba de stress 153 generada automaticamente
4;2024-01-21;18:36;1.62927;-75.59788;Prueba de stress 154 generada automaticamente
3;2024-05-03;14:17;1.62582;-75.61547;Prueba de stress 155 generada automaticamente
1;2024-03-18;21:26;1.62601;-75.59522;Prueba de stress 156 generada automaticamente
1;2024-10-01;00:23;1.62574;-75.60164;Prueba de stress 157 generada automaticamente
2;2024-10-26;21:20;1.60081;-75.59370;Prueba de stress 158 generada automaticamente
3;2024-11-01;18:14;1.59811;-75.58984;Prueba de stress 159 generada automaticamente
3;2024-03-07;09:43;1.59801;-75.61983;Prueba de stress 160 generada automaticamente
3;2024-06-25;08:45;1.61377;-75.61530;Prueba de stress 161 generada automaticamente
3;2024-08-14;22:51;1.61273;-75.59249;Prueba de stress 162 generada automaticamente
1;2024-08-07;22:19;1.62321;-75.62386;Prueba de stress 163 generada automaticamente
2;2024-01-11;04:50;1.60695;-75.59918;Prueba de stress 164 generada automaticamente
3;2024-11-08;18:32;1.62494;-75.60307;Prueba de stress 165 generada automaticamente
1;2024-06-18;11:11;1.60367;-75.59293;Prueba de stress 166 generada automaticamente
1;2024-03-17;04:01;1.59604;-75.60737;Prueba de stress 167 generada automaticamente
3;2024-02-11;17:52;1.63076;-75.62438;Prueba de stress 168 generada automaticamente
2;2024-10-18;10:07;1.59813;-75.60210;Prueba de stress 169 generada automaticamente
1;2024-10-06;05:53;1.59458;-75.60526;Prueba de stress 170 generada automaticamente
1;2024-08-16;22:57;1.60731;-75.58687;Prueba de stress 171 generada automaticamente
3;2024-01-21;06:37;1.60983;-75.61847;Prueba de stress 172 generada automaticamente
4;2024-07-17;06:43;1.62790;-75.62045;Prueba de stress 173 generada automaticamente
4;2024-08-12;15:36;1.60210;-75.60868;Prueba de stress 174 generada automaticamente
4;2024-02-09;00:14;1.61789;-75.59110;Prueba de stress 175 generada automaticamente
3;2024-08-26;15:06;1.60331;-75.61024;Prueba de stress 176 generada automaticamente
4;2024-01-13;05:47;1.62187;-75.62399;Prueba de stress 177 generada automaticamente
4;2024-06-05;04:32;1.62249;-75.61436;Prueba de stress 178 generada automaticamente
4;2024-07-10;13:24;1.62696;-75.61675;Prueba de stress 179 generada automaticamente
3;2024-10-18;15:25;1.61909;-75.59401;Prueba de stress 180 generada automaticamente
1;2024-04-02;09:10;1.61805;-75.58945;Prueba de stress 181 generada automaticamente
3;2024-08-19;10:42;1.61267;-75.59785;Prueba de stress 182 generada automaticamente
2;2024-08-10;07:01;1.60501;-75.62035;Prueba de stress 183 generada automaticamente
1;2024-02-04;05:04;1.63308;-75.58651;Prueba de stress 184 generada automaticamente
4;2024-01-12;07:40;1.60549;-75.60816;Prueba de stress 185 generada automaticamente
3;2024-12-03;21:28;1.60927;-75.59242;Prueba de stress 186 generada automaticamente
3;2024-07-06;01:22;1.60379;-75.61825;Prueba de stress 187 generada automaticamente
2;2024-11-08;21:40;1.61245;-75.59279;Prueba de stress 188 generada automaticamente
3;2024-11-23;13:49;1.62014;-75.61168;Prueba de stress 189 generada automaticamente
1;2024-07-15;15:47;1.61894;-75.60910;Prueba de stress 190 generada automaticamente
2;2024-12-13;17:33;1.63243;-75.58984;Prueba de stress 191 generada automaticamente
2;2024-10-21;06:20;1.63170;-75.59191;Prueba de stress 192 generada automaticamente
2;2024-05-20;19:06;1.62968;-75.58883;Prueba de stress 193 generada automaticamente
2;2024-06-17;06:29;1.60956;-75.59792;Prueba de stress 194 generada automaticamente
3;2024-04-01;01:50;1.63031;-75.61271;Prueba de stress 195 generada automaticamente
2;2024-01-18;23:58;1.62027;-75.61279;Prueba de stress 196 generada automaticamente
3;2024-06-07;18:54;1.62106;-75.60433;Prueba de stress 197 generada automaticamente
1;2024-07-06;12:52;1.59999;-75.61887;Prueba de stress 198 generada automaticamente
3;2024-02-28;23:57;1.61126;-75.61230;Prueba de stress 199 generada automaticamente
2;2024-08-17;06:53;1.61055;-75.59290;Prueba de stress 200 generada automaticamente
3;2024-09-12;05:04;1.62288;-75.59034;Prueba de stress 201 generada automaticamente
2;2024-08-24;03:56;1.61330;-75.60090;Prueba de stress 202 generada automaticamente
2;2024-07-23;05:28;1.62050;-75.61663;Prueba de stress 203 generada automaticamente
1;2024-05-28;11:21;1.61187;-75.59591;Prueba de stress 204 generada automaticamente
3;2024-05-04;22:10;1.59550;-75.59590;Prueba de stress 205 generada automaticamente
1;2024-07-08;11:31;1.60318;-75.60632;Prueba de stress 206 generada automaticamente
4;2024-05-15;17:32;1.60887;-75.62205;Prueba de stress 207 generada automaticamente
3;2024-08-15;10:41;1.59826;-75.61382;Prueba de stress 208 generada automaticamente
1;2024-03-25;18:04;1.61690;-75.60941;Prueba de stress 209 generada automaticamente
1;2024-04-13;13:55;1.62784;-75.58867;Prueba de stress 210 generada automaticamente
3;2024-11-01;00:54;1.62866;-75.58857;Prueba de stress 211 generada automaticamente
4;2024-05-01;22:45;1.62135;-75.62188;Prueba de stress 212 generada automaticamente
4;2024-05-18;12:27;1.59647;-75.59384;Prueba de stress 213 generada automaticamente
3;2024-11-03;16:29;1.62280;-75.62144;Prueba de stress 214 generada automaticamente
2;2024-05-17;12:13;1.60356;-75.62490;Prueba de stress 215 generada automaticamente
4;2024-05-24;06:59;1.60584;-75.59034;Prueba de stress 216 generada automaticamente
1;2024-10-15;11:12;1.62613;-75.60527;Prueba de stress 217 generada automaticamente
4;2024-02-17;11:16;1.62485;-75.59456;Prueba de stress 218 generada automaticamente
4;2024-04-13;12:59;1.60307;-75.60531;Prueba de stress 219 generada automaticamente
2;2024-08-25;04:49;1.62499;-75.61637;Prueba de stress 220 generada automaticamente
3;2024-03-28;03:32;1.60460;-75.62353;Prueba de stress 221 generada automaticamente
2;2024-05-18;11:12;1.63231;-75.60903;Prueba de stress 222 generada automaticamente
3;2024-10-19;09:15;1.62204;-75.60598;Prueba de stress 223 generada automaticamente
3;2024-02-05;17:22;1.60475;-75.62497;Prueba de stress 224 generada automaticamente
2;2024-12-04;12:02;1.61420;-75.59442;Prueba de stress 225 generada automaticamente
2;2024-09-04;21:42;1.61310;-75.59316;Prueba de stress 226 generada automaticamente
2;2024-07-16;23:33;1.59463;-75.59297;Prueba de stress 227 generada automaticamente
1;2024-07-07;15:25;1.63061;-75.60362;Prueba de stress 228 generada automaticamente
4;2024-05-15;18:12;1.60944;-75.61205;Prueba de stress 229 generada automaticamente
4;2024-03-11;15:31;1.61127;-75.58879;Prueba de stress 230 generada automaticamente
2;2024-08-25;10:10;1.62047;-75.60063;Prueba de stress 231 generada automaticamente
1;2024-10-27;21:01;1.59765;-75.60847;Prueba de stress 232 generada automaticamente
4;2024-05-26;22:36;1.60322;-75.59204;Prueba de stress 233 generada automaticamente
2;2024-09-19;18:31;1.59710;-75.59307;Prueba de stress 234 generada automaticamente
4;2024-11-26;18:31;1.63061;-75.60586;Prueba de stress 235 generada automaticamente
2;2024-02-02;19:19;1.61696;-75.58821;Prueba de stress 236 generada automaticamente
2;2024-04-26;14:20;1.60256;-75.61936;Prueba de stress 237 generada automaticamente
4;2024-04-26;22:25;1.61655;-75.61558;Prueba de stress 238 generada automaticamente
2;2024-06-23;06:57;1.63210;-75.58972;Prueba de stress 239 generada automaticamente
1;2024-07-03;00:58;1.62522;-75.59781;Prueba de stress 240 generada automaticamente
1;2024-01-18;14:02;1.62302;-75.60665;Prueba de stress 241 generada automaticamente
4;2024-01-18;08:25;1.62576;-75.59842;Prueba de stress 242 generada automaticamente
1;2024-09-09;19:17;1.62339;-75.62557;Prueba de stress 243 generada automaticamente
3;2024-04-03;22:44;1.60305;-75.60846;Prueba de stress 244 generada automaticamente
4;2024-05-12;18:27;1.63074;-75.61059;Prueba de stress 245 generada automaticamente
1;2024-03-25;20:28;1.61401;-75.61045;Prueba de stress 246 generada automaticamente
2;2024-03-16;01:28;1.60430;-75.60568;Prueba de stress 247 generada automaticamente
2;2024-04-14;04:50;1.59549;-75.60849;Prueba de stress 248 generada automaticamente
2;2024-02-14;17:24;1.59855;-75.62097;Prueba de stress 249 generada automaticamente
1;2024-11-06;08:33;1.61742;-75.58626;Prueba de stress 250 generada automaticamente
4;2024-05-28;09:08;1.61894;-75.61534;Prueba de stress 251 generada automaticamente
1;2024-02-07;10:33;1.61349;-75.61879;Prueba de stress 252 generada automaticamente
3;2024-10-27;07:14;1.59472;-75.59321;Prueba de stress 253 generada automaticamente
1;2024-09-04;14:18;1.61208;-75.61017;Prueba de stress 254 generada automaticamente
4;2024-02-18;18:28;1.61545;-75.60900;Prueba de stress 255 generada automaticamente
4;2024-01-18;17:49;1.61374;-75.60182;Prueba de stress 256 generada automaticamente
4;2024-10-15;16:55;1.62033;-75.62590;Prueba de stress 257 generada automaticamente
1;2024-08-19;00:54;1.60251;-75.61111;Prueba de stress 258 generada automaticamente
2;2024-04-26;11:50;1.60217;-75.59249;Prueba de stress 259 generada automaticamente
1;2024-06-18;20:15;1.61577;-75.62201;Prueba de stress 260 generada automaticamente
3;2024-01-18;17:03;1.60873;-75.60398;Prueba de stress 261 generada automaticamente
3;2024-12-19;18:53;1.61429;-75.61566;Prueba de stress 262 generada automaticamente
3;2024-09-04;07:03;1.61226;-75.58643;Prueba de stress 263 generada automaticamente
2;2024-04-28;13:44;1.61156;-75.60290;Prueba de stress 264 generada automaticamente
3;2024-07-09;00:29;1.63138;-75.61605;Prueba de stress 265 generada automaticamente
1;2024-09-21;17:25;1.62592;-75.58908;Prueba de stress 266 generada automaticamente
1;2024-04-08;17:53;1.61147;-75.59705;Prueba de stress 267 generada automaticamente
2;2024-09-26;20:23;1.63037;-75.60366;Prueba de stress 268 generada automaticamente
3;2024-02-19;04:26;1.60776;-75.58711;Prueba de stress 269 generada automaticamente
4;2024-01-27;16:12;1.61413;-75.60722;Prueba de stress 270 generada automaticamente
4;2024-04-21;09:04;1.61568;-75.60116;Prueba de stress 271 generada automaticamente
1;2024-01-27;23:33;1.59597;-75.62597;Prueba de stress 272 generada automaticamente
4;2024-11-28;03:34;1.60507;-75.60368;Prueba de stress 273 generada automaticamente
4;2024-06-13;23:11;1.60143;-75.61558;Prueba de stress 274 generada automaticamente
1;2024-02-04;08:53;1.63434;-75.58878;Prueba de stress 275 generada automaticamente
1;2024-07-21;06:41;1.62825;-75.58638;Prueba de stress 276 generada automaticamente
3;2024-08-23;13:45;1.60819;-75.61475;Prueba de stress 277 generada automaticamente
2;2024-06-20;03:28;1.63007;-75.62364;Prueba de stress 278 generada automaticamente
2;2024-10-02;20:04;1.59766;-75.60114;Prueba de stress 279 generada automaticamente
2;2024-09-20;15:11;1.60388;-75.61839;Prueba de stress 280 generada automaticamente
4;2024-05-15;17:54;1.60173;-75.59376;Prueba de stress 281 generada automaticamente
4;2024-08-27;21:38;1.62342;-75.62251;Prueba de stress 282 generada automaticamente
1;2024-04-02;20:23;1.61972;-75.60764;Prueba de stress 283 generada automaticamente
4;2024-03-25;15:29;1.63164;-75.61497;Prueba de stress 284 generada automaticamente
4;2024-11-12;02:08;1.60071;-75.61063;Prueba de stress 285 generada automaticamente
1;2024-10-22;13:26;1.61473;-75.58831;Prueba de stress 286 generada automaticamente
4;2024-09-04;10:09;1.62495;-75.58777;Prueba de stress 287 generada automaticamente
4;2024-05-13;07:20;1.59723;-75.61236;Prueba de stress 288 generada automaticamente
2;2024-12-24;06:48;1.61030;-75.61526;Prueba de stress 289 generada automaticamente
2;2024-10-17;19:00;1.61248;-75.59570;Prueba de stress 290 generada automaticamente
2;2024-05-15;02:22;1.63036;-75.61818;Prueba de stress 291 generada automaticamente
2;2024-11-19;11:33;1.63350;-75.61054;Prueba de stress 292 generada automaticamente
3;2024-08-01;12:05;1.61386;-75.61165;Prueba de stress 293 generada automaticamente
2;2024-05-18;07:23;1.60889;-75.62154;Prueba de stress 294 generada automaticamente
2;2024-03-03;03:27;1.61682;-75.61947;Prueba de stress 295 generada automaticamente
4;2024-06-06;12:37;1.59656;-75.61993;Prueba de stress 296 generada automaticamente
4;2024-03-27;05:09;1.60731;-75.59517;Prueba de stress 297 generada automaticamente
2;2024-12-22;17:24;1.61582;-75.60604;Prueba de stress 298 generada automaticamente
1;2024-06-07;17:41;1.59979;-75.60280;Prueba de stress 299 generada automaticamente
2;2024-06-21;07:20;1.59449;-75.59612;Prueba de stress 300 generada automaticamente
3;2024-08-22;13:23;1.63127;-75.59064;Prueba de stress 301 generada automaticamente
4;2024-11-17;13:52;1.63132;-75.58819;Prueba de stress 302 generada automaticamente
2;2024-03-24;17:00;1.62748;-75.61684;Prueba de stress 303 generada automaticamente
2;2024-11-09;08:33;1.62340;-75.61890;Prueba de stress 304 generada automaticamente
2;2024-01-10;01:36;1.61221;-75.59691;Prueba de stress 305 generada automaticamente
4;2024-01-20;17:03;1.61896;-75.59531;Prueba de stress 306 generada automaticamente
3;2024-01-06;17:53;1.60468;-75.59454;Prueba de stress 307 generada automaticamente
1;2024-09-04;19:38;1.59859;-75.61221;Prueba de stress 308 generada automaticamente
4;2024-07-17;05:22;1.63121;-75.59508;Prueba de stress 309 generada automaticamente
1;2024-06-17;08:24;1.59456;-75.61329;Prueba de stress 310 generada automaticamente
3;2024-05-19;23:39;1.60676;-75.60965;Prueba de stress 311 generada automaticamente
3;2024-10-19;07:29;1.61733;-75.59216;Prueba de stress 312 generada automaticamente
2;2024-10-20;11:43;1.62965;-75.60418;Prueba de stress 313 generada automaticamente
4;2024-05-02;06:53;1.62675;-75.60480;Prueba de stress 314 generada automaticamente
2;2024-02-02;14:53;1.63345;-75.62194;Prueba de stress 315 generada automaticamente
2;2024-07-25;22:51;1.62635;-75.60273;Prueba de stress 316 generada automaticamente
3;2024-11-19;16:14;1.62285;-75.62400;Prueba de stress 317 generada automaticamente
3;2024-07-04;21:40;1.59692;-75.60892;Prueba de stress 318 generada automaticamente
3;2024-03-20;05:28;1.62070;-75.60185;Prueba de stress 319 generada automaticamente
3;2024-05-23;20:14;1.61232;-75.62012;Prueba de stress 320 generada automaticamente
4;2024-08-14;22:14;1.60819;-75.62343;Prueba de stress 321 generada automaticamente
2;2024-04-20;13:08;1.59788;-75.61309;Prueba de stress 322 generada automaticamente
4;2024-08-08;23:45;1.59988;-75.59204;Prueba de stress 323 generada automaticamente
1;2024-04-12;20:31;1.60301;-75.61821;Prueba de stress 324 generada automaticamente
3;2024-05-23;17:39;1.60879;-75.59870;Prueba de stress 325 generada automaticamente
2;2024-12-21;14:41;1.61057;-75.62177;Prueba de stress 326 generada automaticamente
3;2024-06-02;04:51;1.63301;-75.60781;Prueba de stress 327 generada automaticamente
2;2024-04-12;01:59;1.60541;-75.59643;Prueba de stress 328 generada automaticamente
3;2024-11-08;10:43;1.60068;-75.61709;Prueba de stress 329 generada automaticamente
2;2024-01-20;02:16;1.59999;-75.60739;Prueba de stress 330 generada automaticamente
2;2024-10-08;17:54;1.62043;-75.62397;Prueba de stress 331 generada automaticamente
1;2024-09-21;17:07;1.61095;-75.61005;Prueba de stress 332 generada automaticamente
3;2024-10-08;05:51;1.60631;-75.61875;Prueba de stress 333 generada automaticamente
1;2024-08-09;05:10;1.60076;-75.61191;Prueba de stress 334 generada automaticamente
1;2024-02-03;22:19;1.63409;-75.60807;Prueba de stress 335 generada automaticamente
3;2024-02-23;08:07;1.62604;-75.59132;Prueba de stress 336 generada automaticamente
3;2024-07-24;21:25;1.62550;-75.60541;Prueba de stress 337 generada automaticamente
1;2024-10-19;08:29;1.61711;-75.59050;Prueba de stress 338 generada automaticamente
1;2024-03-12;11:19;1.60347;-75.58936;Prueba de stress 339 generada automaticamente
1;2024-11-17;00:55;1.61343;-75.61297;Prueba de stress 340 generada automaticamente
4;2024-10-17;07:19;1.62644;-75.62358;Prueba de stress 341 generada automaticamente
1;2024-11-01;11:53;1.61639;-75.59618;Prueba de stress 342 generada automaticamente
3;2024-05-01;18:09;1.62661;-75.59261;Prueba de stress 343 generada automaticamente
1;2024-04-18;04:12;1.60783;-75.60111;Prueba de stress 344 generada automaticamente
2;2024-08-20;18:00;1.63226;-75.59493;Prueba de stress 345 generada automaticamente
4;2024-03-06;16:45;1.59962;-75.59317;Prueba de stress 346 generada automaticamente
3;2024-11-23;03:26;1.61821;-75.61029;Prueba de stress 347 generada automaticamente
2;2024-08-18;06:08;1.60565;-75.61481;Prueba de stress 348 generada automaticamente
4;2024-04-17;18:58;1.62477;-75.61873;Prueba de stress 349 generada automaticamente
4;2024-11-22;07:03;1.61792;-75.62309;Prueba de stress 350 generada automaticamente
3;2024-06-05;13:27;1.60129;-75.60940;Prueba de stress 351 generada automaticamente
4;2024-11-24;21:33;1.59887;-75.59067;Prueba de stress 352 generada automaticamente
2;2024-10-22;02:07;1.62448;-75.61498;Prueba de stress 353 generada automaticamente
2;2024-12-18;16:12;1.61298;-75.61915;Prueba de stress 354 generada automaticamente
3;2024-07-26;07:18;1.62090;-75.59342;Prueba de stress 355 generada automaticamente
3;2024-07-22;17:48;1.59827;-75.62260;Prueba de stress 356 generada automaticamente
2;2024-12-07;07:50;1.60535;-75.58790;Prueba de stress 357 generada automaticamente
1;2024-03-14;15:20;1.60355;-75.61657;Prueba de stress 358 generada automaticamente
3;2024-02-08;16:53;1.62558;-75.60185;Prueba de stress 359 generada automaticamente
3;2024-11-23;18:56;1.61871;-75.61273;Prueba de stress 360 generada automaticamente
4;2024-06-17;21:18;1.61286;-75.59014;Prueba de stress 361 generada automaticamente
2;2024-01-23;01:14;1.60736;-75.59344;Prueba de stress 362 generada automaticamente
2;2024-05-20;13:11;1.61663;-75.62582;Prueba de stress 363 generada automaticamente
2;2024-02-10;11:17;1.60843;-75.60734;Prueba de stress 364 generada automaticamente
3;2024-01-23;16:27;1.62530;-75.59389;Prueba de stress 365 generada automaticamente
2;2024-06-16;21:57;1.62640;-75.60367;Prueba de stress 366 generada automaticamente
1;2024-05-20;04:43;1.61007;-75.62561;Prueba de stress 367 generada automaticamente
3;2024-08-05;07:30;1.59787;-75.59075;Prueba de stress 368 generada automaticamente
1;2024-04-28;16:33;1.60895;-75.59006;Prueba de stress 369 generada automaticamente
4;2024-06-18;08:02;1.62280;-75.62197;Prueba de stress 370 generada automaticamente
1;2024-03-07;04:08;1.63003;-75.61955;Prueba de stress 371 generada automaticamente
2;2024-01-24;18:16;1.62208;-75.61560;Prueba de stress 372 generada automaticamente
3;2024-01-21;11:02;1.62073;-75.61725;Prueba de stress 373 generada automaticamente
3;2024-12-08;11:25;1.60546;-75.62155;Prueba de stress 374 generada automaticamente
3;2024-09-01;01:24;1.61405;-75.62524;Prueba de stress 375 generada automaticamente
1;2024-05-15;18:03;1.59972;-75.59054;Prueba de stress 376 generada automaticamente
1;2024-11-16;05:47;1.62674;-75.58963;Prueba de stress 377 generada automaticamente
4;2024-12-08;04:25;1.62777;-75.61720;Prueba de stress 378 generada automaticamente
2;2024-02-26;01:54;1.59900;-75.62036;Prueba de stress 379 generada automaticamente
4;2024-12-22;10:23;1.59834;-75.61969;Prueba de stress 380 generada automaticamente
4;2024-11-22;02:14;1.61395;-75.61585;Prueba de stress 381 generada automaticamente
4;2024-03-02;09:53;1.61304;-75.61782;Prueba de stress 382 generada automaticamente
2;2024-05-20;01:21;1.62009;-75.61178;Prueba de stress 383 generada automaticamente
3;2024-07-23;14:59;1.61288;-75.61133;Prueba de stress 384 generada automaticamente
3;2024-07-16;10:11;1.60302;-75.59625;Prueba de stress 385 generada automaticamente
2;2024-12-17;00:06;1.63084;-75.59599;Prueba de stress 386 generada automaticamente
1;2024-10-10;13:34;1.59781;-75.59901;Prueba de stress 387 generada automaticamente
2;2024-01-28;04:36;1.60903;-75.59863;Prueba de stress 388 generada automaticamente
1;2024-06-18;12:01;1.61305;-75.62299;Prueba de stress 389 generada automaticamente
2;2024-10-19;12:04;1.62294;-75.59343;Prueba de stress 390 generada automaticamente
2;2024-07-20;06:23;1.61632;-75.58933;Prueba de stress 391 generada automaticamente
1;2024-05-09;16:38;1.62421;-75.59430;Prueba de stress 392 generada automaticamente
3;2024-10-02;10:57;1.61347;-75.60848;Prueba de stress 393 generada automaticamente
1;2024-07-15;01:47;1.63298;-75.59810;Prueba de stress 394 generada automaticamente
1;2024-09-18;03:00;1.63084;-75.59602;Prueba de stress 395 generada automaticamente
4;2024-05-04;05:05;1.60307;-75.61505;Prueba de stress 396 generada automaticamente
4;2024-03-14;14:07;1.60841;-75.62289;Prueba de stress 397 generada automaticamente
4;2024-12-20;15:35;1.59964;-75.60814;Prueba de stress 398 generada automaticamente
4;2024-05-16;08:38;1.62620;-75.62063;Prueba de stress 399 generada automaticamente
4;2024-11-09;08:31;1.62960;-75.60376;Prueba de stress 400 generada automaticamente
4;2024-11-23;21:19;1.63019;-75.59806;Prueba de stress 401 generada automaticamente
2;2024-12-05;00:39;1.60045;-75.62346;Prueba de stress 402 generada automaticamente
4;2024-12-15;19:17;1.59711;-75.62605;Prueba de stress 403 generada automaticamente
4;2024-07-23;21:50;1.61226;-75.60388;Prueba de stress 404 generada automaticamente
1;2024-02-05;01:37;1.61535;-75.61014;Prueba de stress 405 generada automaticamente
2;2024-01-15;06:58;1.63283;-75.59397;Prueba de stress 406 generada automaticamente
2;2024-07-13;14:25;1.61894;-75.62470;Prueba de stress 407 generada automaticamente
1;2024-04-12;23:59;1.60371;-75.59493;Prueba de stress 408 generada automaticamente
1;2024-09-26;12:51;1.60356;-75.60386;Prueba de stress 409 generada automaticamente
1;2024-06-28;22:19;1.60654;-75.60718;Prueba de stress 410 generada automaticamente
2;2024-09-23;16:15;1.61906;-75.59328;Prueba de stress 411 generada automaticamente
2;2024-03-26;18:02;1.59873;-75.58892;Prueba de stress 412 generada automaticamente
4;2024-08-18;03:02;1.61333;-75.60686;Prueba de stress 413 generada automaticamente
3;2024-10-25;13:40;1.60264;-75.61923;Prueba de stress 414 generada automaticamente
3;2024-07-10;21:33;1.60854;-75.62137;Prueba de stress 415 generada automaticamente
1;2024-04-08;22:22;1.61044;-75.59479;Prueba de stress 416 generada automaticamente
4;2024-09-06;19:49;1.62714;-75.62441;Prueba de stress 417 generada automaticamente
4;2024-04-02;21:10;1.59444;-75.61138;Prueba de stress 418 generada automaticamente
2;2024-10-13;00:01;1.59466;-75.60638;Prueba de stress 419 generada automaticamente
4;2024-04-09;20:14;1.60686;-75.59849;Prueba de stress 420 generada automaticamente
1;2024-01-11;09:52;1.62380;-75.62463;Prueba de stress 421 generada automaticamente
4;2024-04-02;12:16;1.62471;-75.60039;Prueba de stress 422 generada automaticamente
4;2024-12-25;12:48;1.60647;-75.58641;Prueba de stress 423 generada automaticamente
3;2024-10-08;22:38;1.60392;-75.62306;Prueba de stress 424 generada automaticamente
3;2024-01-28;14:52;1.61998;-75.62154;Prueba de stress 425 generada automaticamente
3;2024-02-02;04:55;1.60481;-75.61805;Prueba de stress 426 generada automaticamente
1;2024-10-17;18:03;1.63120;-75.59592;Prueba de stress 427 generada automaticamente
3;2024-11-08;06:07;1.63066;-75.62180;Prueba de stress 428 generada automaticamente
1;2024-01-03;12:38;1.61571;-75.60858;Prueba de stress 429 generada automaticamente
4;2024-03-24;04:18;1.61323;-75.61766;Prueba de stress 430 generada automaticamente
1;2024-08-12;00:13;1.61347;-75.59255;Prueba de stress 431 generada automaticamente
1;2024-12-28;09:18;1.59454;-75.60020;Prueba de stress 432 generada automaticamente
1;2024-07-24;13:25;1.62686;-75.61771;Prueba de stress 433 generada automaticamente
2;2024-06-04;07:13;1.62985;-75.61700;Prueba de stress 434 generada automaticamente
1;2024-12-11;21:04;1.62883;-75.61830;Prueba de stress 435 generada automaticamente
3;2024-10-04;22:57;1.59892;-75.60012;Prueba de stress 436 generada automaticamente
1;2024-01-14;07:02;1.63210;-75.61366;Prueba de stress 437 generada automaticamente
4;2024-08-05;00:46;1.62886;-75.58721;Prueba de stress 438 generada automaticamente
1;2024-10-20;05:36;1.62324;-75.62388;Prueba de stress 439 generada automaticamente
4;2024-03-20;09:23;1.60209;-75.59570;Prueba de stress 440 generada automaticamente
3;2024-05-21;21:26;1.60172;-75.59655;Prueba de stress 441 generada automaticamente
1;2024-02-11;13:43;1.63308;-75.62147;Prueba de stress 442 generada automaticamente
2;2024-02-04;20:50;1.59458;-75.58989;Prueba de stress 443 generada automaticamente
1;2024-05-09;10:07;1.61971;-75.59114;Prueba de stress 444 generada automaticamente
1;2024-06-03;07:45;1.60607;-75.60774;Prueba de stress 445 generada automaticamente
3;2024-03-09;02:10;1.59684;-75.61681;Prueba de stress 446 generada automaticamente
4;2024-10-16;00:19;1.60602;-75.59413;Prueba de stress 447 generada automaticamente
4;2024-11-01;09:08;1.60455;-75.60177;Prueba de stress 448 generada automaticamente
4;2024-08-25;21:42;1.63215;-75.59171;Prueba de stress 449 generada automaticamente
4;2024-06-03;16:23;1.59789;-75.61204;Prueba de stress 450 generada automaticamente
4;2024-07-08;03:03;1.62826;-75.60704;Prueba de stress 451 generada automaticamente
2;2024-03-05;13:39;1.62728;-75.61176;Prueba de stress 452 generada automaticamente
1;2024-03-17;01:03;1.62970;-75.60855;Prueba de stress 453 generada automaticamente
2;2024-10-22;19:22;1.61642;-75.61571;Prueba de stress 454 generada automaticamente
2;2024-10-22;08:15;1.60459;-75.61087;Prueba de stress 455 generada automaticamente
1;2024-08-16;03:55;1.61600;-75.62104;Prueba de stress 456 generada automaticamente
2;2024-05-03;10:00;1.61358;-75.59011;Prueba de stress 457 generada automaticamente
1;2024-05-24;21:32;1.61012;-75.61047;Prueba de stress 458 generada automaticamente
2;2024-12-04;16:16;1.60106;-75.59815;Prueba de stress 459 generada automaticamente
4;2024-05-19;23:44;1.62543;-75.62298;Prueba de stress 460 generada automaticamente
4;2024-05-09;01:55;1.59943;-75.62355;Prueba de stress 461 generada automaticamente
4;2024-11-23;23:05;1.60432;-75.61088;Prueba de stress 462 generada automaticamente
2;2024-03-04;23:32;1.62896;-75.60068;Prueba de stress 463 generada automaticamente
2;2024-08-08;11:58;1.62740;-75.58792;Prueba de stress 464 generada automaticamente
2;2024-03-25;12:02;1.61507;-75.58922;Prueba de stress 465 generada automaticamente
2;2024-12-28;00:15;1.62953;-75.60767;Prueba de stress 466 generada automaticamente
2;2024-07-20;00:27;1.60478;-75.62613;Prueba de stress 467 generada automaticamente
4;2024-10-09;00:26;1.61066;-75.61581;Prueba de stress 468 generada automaticamente
2;2024-12-14;23:29;1.62213;-75.60108;Prueba de stress 469 generada automaticamente
2;2024-09-10;07:58;1.61735;-75.58866;Prueba de stress 470 generada automaticamente
3;2024-11-03;14:44;1.59671;-75.62398;Prueba de stress 471 generada automaticamente
2;2024-02-25;07:59;1.61007;-75.61234;Prueba de stress 472 generada automaticamente
1;2024-02-05;22:30;1.60140;-75.59619;Prueba de stress 473 generada automaticamente
2;2024-01-09;00:54;1.61381;-75.59922;Prueba de stress 474 generada automaticamente
3;2024-04-27;06:08;1.63407;-75.62586;Prueba de stress 475 generada automaticamente
4;2024-08-14;05:58;1.62525;-75.60830;Prueba de stress 476 generada automaticamente
2;2024-08-11;02:05;1.59505;-75.59556;Prueba de stress 477 generada automaticamente
4;2024-01-01;19:19;1.61536;-75.61849;Prueba de stress 478 generada automaticamente
4;2024-12-26;07:03;1.62629;-75.60534;Prueba de stress 479 generada automaticamente
2;2024-10-26;15:03;1.61584;-75.59865;Prueba de stress 480 generada automaticamente
1;2024-08-13;15:21;1.61780;-75.61227;Prueba de stress 481 generada automaticamente
1;2024-02-12;05:33;1.63315;-75.58906;Prueba de stress 482 generada automaticamente
1;2024-11-05;21:25;1.60312;-75.59970;Prueba de stress 483 generada automaticamente
1;2024-02-12;17:11;1.63346;-75.60473;Prueba de stress 484 generada automaticamente
4;2024-07-13;14:52;1.59581;-75.59310;Prueba de stress 485 generada automaticamente
4;2024-03-28;08:26;1.63011;-75.61813;Prueba de stress 486 generada automaticamente
1;2024-09-07;10:48;1.61363;-75.59425;Prueba de stress 487 generada automaticamente
4;2024-01-02;06:16;1.62430;-75.60068;Prueba de stress 488 generada automaticamente
3;2024-11-04;07:34;1.61051;-75.60373;Prueba de stress 489 generada automaticamente
2;2024-12-23;23:57;1.59771;-75.60282;Prueba de stress 490 generada automaticamente
1;2024-06-25;15:29;1.62893;-75.58942;Prueba de stress 491 generada automaticamente
4;2024-03-12;20:38;1.61961;-75.61295;Prueba de stress 492 generada automaticamente
2;2024-07-05;08:34;1.62340;-75.62174;Prueba de stress 493 generada automaticamente
3;2024-12-02;17:11;1.61797;-75.58790;Prueba de stress 494 generada automaticamente
2;2024-01-06;01:17;1.62469;-75.60155;Prueba de stress 495 generada automaticamente
1;2024-03-18;07:31;1.63261;-75.60595;Prueba de stress 496 generada automaticamente
2;2024-12-19;01:43;1.61712;-75.58996;Prueba de stress 497 generada automaticamente
1;2024-12-04;23:38;1.60471;-75.62228;Prueba de stress 498 generada automaticamente
2;2024-12-14;23:21;1.61075;-75.59961;Prueba de stress 499 generada automaticamente
